timeStamp,elapsed,label,responseCode,responseMessage,threadName,dataType,success,failureMessage,bytes,sentBytes,grpThreads,allThreads,URL,Latency,IdleTime,Connect
1574539166064,8,HTTP GetEmptyRequest,200,OK,Thread Group 1-1,text,true,,153,130,1,1,http://localhost:8080/api/persons,7,0,2
1574539177650,11,HTTP AddRequest,400,Bad Request,Thread Group 1-1,text,false,Test failed: code expected to contain /200/,502,218,1,1,http://localhost:8080/api/person,11,0,2
1574539177661,24,HTTP AddRequest,200,OK,Thread Group 1-1,text,true,,189,221,1,1,http://localhost:8080/api/person,23,0,0
1574539177685,7,HTTP AddRequest,200,OK,Thread Group 1-1,text,true,,189,221,1,1,http://localhost:8080/api/person,6,0,0
1574539177692,5,HTTP AddRequest,200,OK,Thread Group 1-1,text,true,,187,219,1,1,http://localhost:8080/api/person,5,0,0
1574539177697,5,HTTP AddRequest,200,OK,Thread Group 1-1,text,true,,187,219,1,1,http://localhost:8080/api/person,5,0,0
1574539177702,6,HTTP AddRequest,200,OK,Thread Group 1-1,text,true,,189,221,1,1,http://localhost:8080/api/person,6,0,0
1574539177708,5,HTTP AddRequest,200,OK,Thread Group 1-1,text,true,,188,220,1,1,http://localhost:8080/api/person,5,0,0
1574539177713,4,HTTP AddRequest,200,OK,Thread Group 1-1,text,true,,188,220,1,1,http://localhost:8080/api/person,4,0,0
1574539177718,4,HTTP AddRequest,200,OK,Thread Group 1-1,text,true,,190,222,1,1,http://localhost:8080/api/person,4,0,0
1574539177723,6,HTTP AddRequest,200,OK,Thread Group 1-1,text,true,,190,222,1,1,http://localhost:8080/api/person,6,0,0
1574539177730,4,HTTP AddRequest,200,OK,Thread Group 1-1,text,true,,189,221,1,1,http://localhost:8080/api/person,4,0,0
1574539177735,5,HTTP AddRequest,200,OK,Thread Group 1-1,text,true,,186,218,1,1,http://localhost:8080/api/person,5,0,0
1574539177741,4,HTTP AddRequest,200,OK,Thread Group 1-1,text,true,,188,220,1,1,http://localhost:8080/api/person,4,0,0
1574539177745,5,HTTP AddRequest,200,OK,Thread Group 1-1,text,true,,188,220,1,1,http://localhost:8080/api/person,4,0,0
1574539177750,4,HTTP AddRequest,200,OK,Thread Group 1-1,text,true,,190,222,1,1,http://localhost:8080/api/person,4,0,0
1574539177755,5,HTTP AddRequest,200,OK,Thread Group 1-1,text,true,,189,221,1,1,http://localhost:8080/api/person,5,0,0
1574539177760,5,HTTP AddRequest,200,OK,Thread Group 1-1,text,true,,188,220,1,1,http://localhost:8080/api/person,4,0,0
1574539177765,4,HTTP AddRequest,200,OK,Thread Group 1-1,text,true,,191,223,1,1,http://localhost:8080/api/person,4,0,0
1574539177769,4,HTTP AddRequest,200,OK,Thread Group 1-1,text,true,,190,222,1,1,http://localhost:8080/api/person,4,0,0
1574539177774,3,HTTP AddRequest,200,OK,Thread Group 1-1,text,true,,189,221,1,1,http://localhost:8080/api/person,3,0,0
1574539177778,3,HTTP AddRequest,200,OK,Thread Group 1-1,text,true,,188,220,1,1,http://localhost:8080/api/person,3,0,0
1574539177782,4,HTTP AddRequest,200,OK,Thread Group 1-1,text,true,,187,219,1,1,http://localhost:8080/api/person,3,0,0
1574539177786,5,HTTP AddRequest,200,OK,Thread Group 1-1,text,true,,190,222,1,1,http://localhost:8080/api/person,5,0,0
1574539177792,4,HTTP AddRequest,200,OK,Thread Group 1-1,text,true,,190,222,1,1,http://localhost:8080/api/person,4,0,0
1574539177797,4,HTTP AddRequest,200,OK,Thread Group 1-1,text,true,,191,223,1,1,http://localhost:8080/api/person,3,0,0
1574539177801,4,HTTP AddRequest,200,OK,Thread Group 1-1,text,true,,188,220,1,1,http://localhost:8080/api/person,4,0,0
1574539177806,3,HTTP AddRequest,200,OK,Thread Group 1-1,text,true,,189,221,1,1,http://localhost:8080/api/person,3,0,0
1574539177810,3,HTTP AddRequest,200,OK,Thread Group 1-1,text,true,,190,222,1,1,http://localhost:8080/api/person,3,0,0
1574539177813,4,HTTP AddRequest,200,OK,Thread Group 1-1,text,true,,190,222,1,1,http://localhost:8080/api/person,4,0,0
1574539177817,5,HTTP AddRequest,200,OK,Thread Group 1-1,text,true,,191,223,1,1,http://localhost:8080/api/person,4,0,0
1574539177822,4,HTTP AddRequest,200,OK,Thread Group 1-1,text,true,,188,220,1,1,http://localhost:8080/api/person,4,0,0
1574539177826,5,HTTP AddRequest,200,OK,Thread Group 1-1,text,true,,187,219,1,1,http://localhost:8080/api/person,5,0,0
1574539177831,4,HTTP AddRequest,200,OK,Thread Group 1-1,text,true,,191,223,1,1,http://localhost:8080/api/person,4,0,0
1574539177836,5,HTTP AddRequest,200,OK,Thread Group 1-1,text,true,,190,222,1,1,http://localhost:8080/api/person,5,0,0
1574539177841,5,HTTP AddRequest,200,OK,Thread Group 1-1,text,true,,190,222,1,1,http://localhost:8080/api/person,5,0,0
1574539177846,4,HTTP AddRequest,200,OK,Thread Group 1-1,text,true,,189,221,1,1,http://localhost:8080/api/person,4,0,0
1574539177851,5,HTTP AddRequest,200,OK,Thread Group 1-1,text,true,,190,222,1,1,http://localhost:8080/api/person,5,0,0
1574539177857,5,HTTP AddRequest,200,OK,Thread Group 1-1,text,true,,189,221,1,1,http://localhost:8080/api/person,4,0,0
1574539177862,5,HTTP AddRequest,200,OK,Thread Group 1-1,text,true,,188,220,1,1,http://localhost:8080/api/person,4,0,0
1574539177867,4,HTTP AddRequest,200,OK,Thread Group 1-1,text,true,,192,224,1,1,http://localhost:8080/api/person,4,0,0
1574539177871,4,HTTP AddRequest,200,OK,Thread Group 1-1,text,true,,191,223,1,1,http://localhost:8080/api/person,4,0,0
1574539177876,3,HTTP AddRequest,200,OK,Thread Group 1-1,text,true,,188,220,1,1,http://localhost:8080/api/person,3,0,0
1574539177879,4,HTTP AddRequest,200,OK,Thread Group 1-1,text,true,,188,220,1,1,http://localhost:8080/api/person,4,0,0
1574539177884,3,HTTP AddRequest,200,OK,Thread Group 1-1,text,true,,189,221,1,1,http://localhost:8080/api/person,3,0,0
1574539177888,3,HTTP AddRequest,200,OK,Thread Group 1-1,text,true,,189,221,1,1,http://localhost:8080/api/person,3,0,0
1574539177892,3,HTTP AddRequest,200,OK,Thread Group 1-1,text,true,,188,220,1,1,http://localhost:8080/api/person,3,0,0
1574539177895,4,HTTP AddRequest,200,OK,Thread Group 1-1,text,true,,189,221,1,1,http://localhost:8080/api/person,3,0,0
1574539177899,3,HTTP AddRequest,200,OK,Thread Group 1-1,text,true,,188,220,1,1,http://localhost:8080/api/person,3,0,0
1574539177903,3,HTTP AddRequest,200,OK,Thread Group 1-1,text,true,,190,222,1,1,http://localhost:8080/api/person,3,0,0
1574539177907,3,HTTP AddRequest,200,OK,Thread Group 1-1,text,true,,187,219,1,1,http://localhost:8080/api/person,3,0,0
1574539177911,4,HTTP AddRequest,200,OK,Thread Group 1-1,text,true,,193,225,1,1,http://localhost:8080/api/person,4,0,0
1574539177915,5,HTTP AddRequest,200,OK,Thread Group 1-1,text,true,,190,222,1,1,http://localhost:8080/api/person,4,0,0
1574539177920,11,HTTP AddRequest,200,OK,Thread Group 1-1,text,true,,189,221,1,1,http://localhost:8080/api/person,8,0,0
1574539177931,7,HTTP AddRequest,200,OK,Thread Group 1-1,text,true,,190,222,1,1,http://localhost:8080/api/person,6,0,0
1574539177938,6,HTTP AddRequest,200,OK,Thread Group 1-1,text,true,,189,221,1,1,http://localhost:8080/api/person,5,0,0
1574539177944,7,HTTP AddRequest,200,OK,Thread Group 1-1,text,true,,187,219,1,1,http://localhost:8080/api/person,6,0,0
1574539177951,6,HTTP AddRequest,200,OK,Thread Group 1-1,text,true,,190,222,1,1,http://localhost:8080/api/person,6,0,0
1574539177957,4,HTTP AddRequest,200,OK,Thread Group 1-1,text,true,,188,220,1,1,http://localhost:8080/api/person,4,0,0
1574539177962,4,HTTP AddRequest,200,OK,Thread Group 1-1,text,true,,188,220,1,1,http://localhost:8080/api/person,3,0,0
1574539177966,4,HTTP AddRequest,200,OK,Thread Group 1-1,text,true,,188,220,1,1,http://localhost:8080/api/person,4,0,0
1574539177971,4,HTTP AddRequest,200,OK,Thread Group 1-1,text,true,,191,223,1,1,http://localhost:8080/api/person,3,0,0
1574539177975,4,HTTP AddRequest,200,OK,Thread Group 1-1,text,true,,187,219,1,1,http://localhost:8080/api/person,4,0,0
1574539177979,4,HTTP AddRequest,200,OK,Thread Group 1-1,text,true,,191,223,1,1,http://localhost:8080/api/person,4,0,0
1574539177984,4,HTTP AddRequest,200,OK,Thread Group 1-1,text,true,,188,220,1,1,http://localhost:8080/api/person,4,0,0
1574539177989,5,HTTP AddRequest,200,OK,Thread Group 1-1,text,true,,188,220,1,1,http://localhost:8080/api/person,5,0,0
1574539177995,4,HTTP AddRequest,200,OK,Thread Group 1-1,text,true,,186,218,1,1,http://localhost:8080/api/person,4,0,0
1574539178000,5,HTTP AddRequest,200,OK,Thread Group 1-1,text,true,,188,220,1,1,http://localhost:8080/api/person,4,0,0
1574539178005,4,HTTP AddRequest,200,OK,Thread Group 1-1,text,true,,188,220,1,1,http://localhost:8080/api/person,4,0,0
1574539178010,3,HTTP AddRequest,200,OK,Thread Group 1-1,text,true,,189,221,1,1,http://localhost:8080/api/person,3,0,0
1574539178014,4,HTTP AddRequest,200,OK,Thread Group 1-1,text,true,,190,222,1,1,http://localhost:8080/api/person,4,0,0
1574539178018,5,HTTP AddRequest,200,OK,Thread Group 1-1,text,true,,189,221,1,1,http://localhost:8080/api/person,4,0,0
1574539178023,4,HTTP AddRequest,200,OK,Thread Group 1-1,text,true,,189,221,1,1,http://localhost:8080/api/person,4,0,0
1574539178028,3,HTTP AddRequest,200,OK,Thread Group 1-1,text,true,,189,221,1,1,http://localhost:8080/api/person,3,0,0
1574539178031,4,HTTP AddRequest,200,OK,Thread Group 1-1,text,true,,189,221,1,1,http://localhost:8080/api/person,4,0,0
1574539178035,5,HTTP AddRequest,200,OK,Thread Group 1-1,text,true,,188,220,1,1,http://localhost:8080/api/person,4,0,0
1574539178040,4,HTTP AddRequest,200,OK,Thread Group 1-1,text,true,,190,222,1,1,http://localhost:8080/api/person,4,0,0
1574539178044,4,HTTP AddRequest,200,OK,Thread Group 1-1,text,true,,188,220,1,1,http://localhost:8080/api/person,4,0,0
1574539178048,4,HTTP AddRequest,200,OK,Thread Group 1-1,text,true,,190,222,1,1,http://localhost:8080/api/person,4,0,0
1574539178053,3,HTTP AddRequest,200,OK,Thread Group 1-1,text,true,,187,219,1,1,http://localhost:8080/api/person,3,0,0
1574539178057,3,HTTP AddRequest,200,OK,Thread Group 1-1,text,true,,190,222,1,1,http://localhost:8080/api/person,3,0,0
1574539178061,3,HTTP AddRequest,200,OK,Thread Group 1-1,text,true,,188,220,1,1,http://localhost:8080/api/person,3,0,0
1574539178064,4,HTTP AddRequest,200,OK,Thread Group 1-1,text,true,,190,222,1,1,http://localhost:8080/api/person,4,0,0
1574539178069,4,HTTP AddRequest,200,OK,Thread Group 1-1,text,true,,186,218,1,1,http://localhost:8080/api/person,4,0,0
1574539178074,4,HTTP AddRequest,200,OK,Thread Group 1-1,text,true,,189,221,1,1,http://localhost:8080/api/person,4,0,0
1574539178079,4,HTTP AddRequest,200,OK,Thread Group 1-1,text,true,,188,220,1,1,http://localhost:8080/api/person,4,0,0
1574539178083,4,HTTP AddRequest,200,OK,Thread Group 1-1,text,true,,188,220,1,1,http://localhost:8080/api/person,4,0,0
1574539178088,4,HTTP AddRequest,200,OK,Thread Group 1-1,text,true,,188,220,1,1,http://localhost:8080/api/person,3,0,0
1574539178092,4,HTTP AddRequest,200,OK,Thread Group 1-1,text,true,,189,221,1,1,http://localhost:8080/api/person,4,0,0
1574539178097,4,HTTP AddRequest,200,OK,Thread Group 1-1,text,true,,188,220,1,1,http://localhost:8080/api/person,3,0,0
1574539178101,5,HTTP AddRequest,200,OK,Thread Group 1-1,text,true,,190,222,1,1,http://localhost:8080/api/person,4,0,0
1574539178106,4,HTTP AddRequest,200,OK,Thread Group 1-1,text,true,,188,220,1,1,http://localhost:8080/api/person,4,0,0
1574539178111,3,HTTP AddRequest,200,OK,Thread Group 1-1,text,true,,190,222,1,1,http://localhost:8080/api/person,3,0,0
1574539178115,4,HTTP AddRequest,200,OK,Thread Group 1-1,text,true,,189,221,1,1,http://localhost:8080/api/person,3,0,0
1574539178119,4,HTTP AddRequest,200,OK,Thread Group 1-1,text,true,,188,220,1,1,http://localhost:8080/api/person,4,0,0
1574539178124,4,HTTP AddRequest,200,OK,Thread Group 1-1,text,true,,191,223,1,1,http://localhost:8080/api/person,4,0,0
1574539178128,5,HTTP AddRequest,200,OK,Thread Group 1-1,text,true,,189,221,1,1,http://localhost:8080/api/person,5,0,0
1574539178133,4,HTTP AddRequest,200,OK,Thread Group 1-1,text,true,,191,223,1,1,http://localhost:8080/api/person,4,0,0
1574539178138,3,HTTP AddRequest,200,OK,Thread Group 1-1,text,true,,192,224,1,1,http://localhost:8080/api/person,3,0,0
1574539178142,4,HTTP AddRequest,200,OK,Thread Group 1-1,text,true,,187,219,1,1,http://localhost:8080/api/person,4,0,0
1574539178146,5,HTTP AddRequest,200,OK,Thread Group 1-1,text,true,,189,221,1,1,http://localhost:8080/api/person,5,0,0
1574539178151,4,HTTP AddRequest,200,OK,Thread Group 1-1,text,true,,191,223,1,1,http://localhost:8080/api/person,4,0,0
1574539210674,225,JDBC ClearDatabseRequest,200,OK,Thread Group 1-1,text,true,,1608,0,1,1,null,223,0,217
1574539210907,16,HTTP getAllPersonsRequest,200,OK,Thread Group 1-1,text,true,,3950,130,1,1,http://localhost:8080/api/persons,15,0,3
1574539211225,8,HTTP GetRequest,200,OK,Thread Group 1-1,text,true,,189,133,1,1,http://localhost:8080/api/person/719,8,0,0
1574539211534,9,HTTP GetRequest,200,OK,Thread Group 1-1,text,true,,189,133,1,1,http://localhost:8080/api/person/720,9,0,0
1574539211845,11,HTTP GetRequest,200,OK,Thread Group 1-1,text,true,,187,133,1,1,http://localhost:8080/api/person/721,10,0,0
1574539212157,6,HTTP GetRequest,200,OK,Thread Group 1-1,text,true,,187,133,1,1,http://localhost:8080/api/person/722,5,0,0
1574539212464,5,HTTP GetRequest,200,OK,Thread Group 1-1,text,true,,189,133,1,1,http://localhost:8080/api/person/723,5,0,0
1574539212771,4,HTTP GetRequest,200,OK,Thread Group 1-1,text,true,,188,133,1,1,http://localhost:8080/api/person/724,4,0,0
1574539213076,16,HTTP GetRequest,200,OK,Thread Group 1-1,text,true,,188,133,1,1,http://localhost:8080/api/person/725,15,0,4
1574539213393,3,HTTP GetRequest,200,OK,Thread Group 1-1,text,true,,190,133,1,1,http://localhost:8080/api/person/726,3,0,0
1574539213697,8,HTTP GetRequest,200,OK,Thread Group 1-1,text,true,,190,133,1,1,http://localhost:8080/api/person/727,8,0,0
1574539214007,7,HTTP GetRequest,200,OK,Thread Group 1-1,text,true,,189,133,1,1,http://localhost:8080/api/person/728,6,0,0
1574539214315,4,HTTP GetRequest,200,OK,Thread Group 1-1,text,true,,186,133,1,1,http://localhost:8080/api/person/729,4,0,0
1574539214620,7,HTTP GetRequest,200,OK,Thread Group 1-1,text,true,,188,133,1,1,http://localhost:8080/api/person/730,7,0,0
1574539214929,9,HTTP GetRequest,200,OK,Thread Group 1-1,text,true,,188,133,1,1,http://localhost:8080/api/person/731,9,0,0
1574539215239,14,HTTP GetRequest,200,OK,Thread Group 1-1,text,true,,190,133,1,1,http://localhost:8080/api/person/732,13,0,3
1574539215554,9,HTTP GetRequest,200,OK,Thread Group 1-1,text,true,,189,133,1,1,http://localhost:8080/api/person/733,8,0,0
1574539215865,8,HTTP GetRequest,200,OK,Thread Group 1-1,text,true,,188,133,1,1,http://localhost:8080/api/person/734,7,0,0
1574539216174,9,HTTP GetRequest,200,OK,Thread Group 1-1,text,true,,191,133,1,1,http://localhost:8080/api/person/735,8,0,0
1574539216484,3,HTTP GetRequest,200,OK,Thread Group 1-1,text,true,,190,133,1,1,http://localhost:8080/api/person/736,3,0,0
1574539216788,9,HTTP GetRequest,200,OK,Thread Group 1-1,text,true,,189,133,1,1,http://localhost:8080/api/person/737,8,0,0
1574539217098,11,HTTP GetRequest,200,OK,Thread Group 1-1,text,true,,188,133,1,1,http://localhost:8080/api/person/738,10,0,0
1574539217411,7,HTTP GetRequest,200,OK,Thread Group 1-1,text,true,,187,133,1,1,http://localhost:8080/api/person/739,6,0,1
1574539217719,12,HTTP GetRequest,200,OK,Thread Group 1-1,text,true,,190,133,1,1,http://localhost:8080/api/person/740,11,0,0
1574539218035,14,HTTP GetRequest,200,OK,Thread Group 1-1,text,true,,190,133,1,1,http://localhost:8080/api/person/741,13,0,0
1574539218351,4,HTTP GetRequest,200,OK,Thread Group 1-1,text,true,,191,133,1,1,http://localhost:8080/api/person/742,4,0,0
1574539218656,7,HTTP GetRequest,200,OK,Thread Group 1-1,text,true,,188,133,1,1,http://localhost:8080/api/person/743,6,0,0
1574539218964,9,HTTP GetRequest,200,OK,Thread Group 1-1,text,true,,189,133,1,1,http://localhost:8080/api/person/744,8,0,0
1574539219275,9,HTTP GetRequest,200,OK,Thread Group 1-1,text,true,,190,133,1,1,http://localhost:8080/api/person/745,8,0,0
1574539219586,14,HTTP GetRequest,200,OK,Thread Group 1-1,text,true,,190,133,1,1,http://localhost:8080/api/person/746,13,0,3
1574539219901,7,HTTP GetRequest,200,OK,Thread Group 1-1,text,true,,191,133,1,1,http://localhost:8080/api/person/747,7,0,0
1574539220209,8,HTTP GetRequest,200,OK,Thread Group 1-1,text,true,,188,133,1,1,http://localhost:8080/api/person/748,8,0,0
1574539220518,8,HTTP GetRequest,200,OK,Thread Group 1-1,text,true,,187,133,1,1,http://localhost:8080/api/person/749,8,0,0
1574539220827,9,HTTP GetRequest,200,OK,Thread Group 1-1,text,true,,191,133,1,1,http://localhost:8080/api/person/750,8,0,0
1574539221136,9,HTTP GetRequest,200,OK,Thread Group 1-1,text,true,,190,133,1,1,http://localhost:8080/api/person/751,8,0,0
1574539221445,9,HTTP GetRequest,200,OK,Thread Group 1-1,text,true,,190,133,1,1,http://localhost:8080/api/person/752,8,0,0
1574539221755,14,HTTP GetRequest,200,OK,Thread Group 1-1,text,true,,189,133,1,1,http://localhost:8080/api/person/753,13,0,3
1574539222070,9,HTTP GetRequest,200,OK,Thread Group 1-1,text,true,,190,133,1,1,http://localhost:8080/api/person/754,8,0,0
1574539222381,11,HTTP GetRequest,200,OK,Thread Group 1-1,text,true,,189,133,1,1,http://localhost:8080/api/person/755,9,0,0
1574539222694,9,HTTP GetRequest,200,OK,Thread Group 1-1,text,true,,188,133,1,1,http://localhost:8080/api/person/756,8,0,0
1574539223004,6,HTTP GetRequest,200,OK,Thread Group 1-1,text,true,,192,133,1,1,http://localhost:8080/api/person/757,6,0,0
1574539223311,8,HTTP GetRequest,200,OK,Thread Group 1-1,text,true,,191,133,1,1,http://localhost:8080/api/person/758,8,0,0
1574539223620,9,HTTP GetRequest,200,OK,Thread Group 1-1,text,true,,188,133,1,1,http://localhost:8080/api/person/759,8,0,0
1574539223930,17,HTTP GetRequest,200,OK,Thread Group 1-1,text,true,,188,133,1,1,http://localhost:8080/api/person/760,16,0,3
1574539224248,10,HTTP GetRequest,200,OK,Thread Group 1-1,text,true,,189,133,1,1,http://localhost:8080/api/person/761,10,0,0
1574539224559,9,HTTP GetRequest,200,OK,Thread Group 1-1,text,true,,189,133,1,1,http://localhost:8080/api/person/762,8,0,0
1574539224870,8,HTTP GetRequest,200,OK,Thread Group 1-1,text,true,,188,133,1,1,http://localhost:8080/api/person/763,8,0,0
1574539225181,8,HTTP GetRequest,200,OK,Thread Group 1-1,text,true,,189,133,1,1,http://localhost:8080/api/person/764,8,0,0
1574539225490,8,HTTP GetRequest,200,OK,Thread Group 1-1,text,true,,188,133,1,1,http://localhost:8080/api/person/765,7,0,0
1574539225799,10,HTTP GetRequest,200,OK,Thread Group 1-1,text,true,,190,133,1,1,http://localhost:8080/api/person/766,10,0,0
1574539226111,13,HTTP GetRequest,200,OK,Thread Group 1-1,text,true,,187,133,1,1,http://localhost:8080/api/person/767,12,0,3
1574539226425,9,HTTP GetRequest,200,OK,Thread Group 1-1,text,true,,193,133,1,1,http://localhost:8080/api/person/768,8,0,0
1574539226735,5,HTTP GetRequest,200,OK,Thread Group 1-1,text,true,,190,133,1,1,http://localhost:8080/api/person/769,5,0,0
1574539227041,3,HTTP GetRequest,200,OK,Thread Group 1-1,text,true,,189,133,1,1,http://localhost:8080/api/person/770,3,0,0
1574539227345,3,HTTP GetRequest,200,OK,Thread Group 1-1,text,true,,190,133,1,1,http://localhost:8080/api/person/771,3,0,0
1574539227649,3,HTTP GetRequest,200,OK,Thread Group 1-1,text,true,,189,133,1,1,http://localhost:8080/api/person/772,3,0,0
1574539227954,3,HTTP GetRequest,200,OK,Thread Group 1-1,text,true,,187,133,1,1,http://localhost:8080/api/person/773,3,0,0
1574539228259,6,HTTP GetRequest,200,OK,Thread Group 1-1,text,true,,190,133,1,1,http://localhost:8080/api/person/774,5,0,1
1574539228566,3,HTTP GetRequest,200,OK,Thread Group 1-1,text,true,,188,133,1,1,http://localhost:8080/api/person/775,3,0,0
1574539228871,3,HTTP GetRequest,200,OK,Thread Group 1-1,text,true,,188,133,1,1,http://localhost:8080/api/person/776,3,0,0
1574539229175,4,HTTP GetRequest,200,OK,Thread Group 1-1,text,true,,188,133,1,1,http://localhost:8080/api/person/777,4,0,0
1574539229480,4,HTTP GetRequest,200,OK,Thread Group 1-1,text,true,,191,133,1,1,http://localhost:8080/api/person/778,3,0,0
1574539229784,4,HTTP GetRequest,200,OK,Thread Group 1-1,text,true,,187,133,1,1,http://localhost:8080/api/person/779,3,0,0
1574539230088,10,HTTP GetRequest,200,OK,Thread Group 1-1,text,true,,191,133,1,1,http://localhost:8080/api/person/780,9,0,0
1574539230399,14,HTTP GetRequest,200,OK,Thread Group 1-1,text,true,,188,133,1,1,http://localhost:8080/api/person/781,13,0,3
1574539230714,8,HTTP GetRequest,200,OK,Thread Group 1-1,text,true,,188,133,1,1,http://localhost:8080/api/person/782,8,0,0
1574539231023,8,HTTP GetRequest,200,OK,Thread Group 1-1,text,true,,186,133,1,1,http://localhost:8080/api/person/783,7,0,0
1574539231333,10,HTTP GetRequest,200,OK,Thread Group 1-1,text,true,,188,133,1,1,http://localhost:8080/api/person/784,9,0,0
1574539231643,9,HTTP GetRequest,200,OK,Thread Group 1-1,text,true,,188,133,1,1,http://localhost:8080/api/person/785,8,0,0
1574539231952,8,HTTP GetRequest,200,OK,Thread Group 1-1,text,true,,189,133,1,1,http://localhost:8080/api/person/786,8,0,0
1574539232262,8,HTTP GetRequest,200,OK,Thread Group 1-1,text,true,,190,133,1,1,http://localhost:8080/api/person/787,8,0,0
1574539232571,14,HTTP GetRequest,200,OK,Thread Group 1-1,text,true,,189,133,1,1,http://localhost:8080/api/person/788,13,0,4
1574539232886,8,HTTP GetRequest,200,OK,Thread Group 1-1,text,true,,189,133,1,1,http://localhost:8080/api/person/789,7,0,0
1574539233196,7,HTTP GetRequest,200,OK,Thread Group 1-1,text,true,,189,133,1,1,http://localhost:8080/api/person/790,7,0,0
1574539233505,7,HTTP GetRequest,200,OK,Thread Group 1-1,text,true,,189,133,1,1,http://localhost:8080/api/person/791,7,0,0
1574539233813,9,HTTP GetRequest,200,OK,Thread Group 1-1,text,true,,188,133,1,1,http://localhost:8080/api/person/792,8,0,0
1574539234123,9,HTTP GetRequest,200,OK,Thread Group 1-1,text,true,,190,133,1,1,http://localhost:8080/api/person/793,8,0,0
1574539234434,9,HTTP GetRequest,200,OK,Thread Group 1-1,text,true,,188,133,1,1,http://localhost:8080/api/person/794,8,0,0
1574539234744,13,HTTP GetRequest,200,OK,Thread Group 1-1,text,true,,190,133,1,1,http://localhost:8080/api/person/795,12,0,3
1574539235057,4,HTTP GetRequest,200,OK,Thread Group 1-1,text,true,,187,133,1,1,http://localhost:8080/api/person/796,4,0,0
1574539235362,8,HTTP GetRequest,200,OK,Thread Group 1-1,text,true,,190,133,1,1,http://localhost:8080/api/person/797,8,0,0
1574539235672,8,HTTP GetRequest,200,OK,Thread Group 1-1,text,true,,188,133,1,1,http://localhost:8080/api/person/798,8,0,0
1574539235985,5,HTTP GetRequest,200,OK,Thread Group 1-1,text,true,,190,133,1,1,http://localhost:8080/api/person/799,5,0,0
1574539236291,5,HTTP GetRequest,200,OK,Thread Group 1-1,text,true,,186,133,1,1,http://localhost:8080/api/person/800,5,0,0
1574539236598,7,HTTP GetRequest,200,OK,Thread Group 1-1,text,true,,189,133,1,1,http://localhost:8080/api/person/801,6,0,0
1574539236906,14,HTTP GetRequest,200,OK,Thread Group 1-1,text,true,,188,133,1,1,http://localhost:8080/api/person/802,14,0,4
1574539237222,9,HTTP GetRequest,200,OK,Thread Group 1-1,text,true,,188,133,1,1,http://localhost:8080/api/person/803,8,0,0
1574539237532,9,HTTP GetRequest,200,OK,Thread Group 1-1,text,true,,188,133,1,1,http://localhost:8080/api/person/804,8,0,0
1574539237842,9,HTTP GetRequest,200,OK,Thread Group 1-1,text,true,,189,133,1,1,http://localhost:8080/api/person/805,8,0,0
1574539238152,5,HTTP GetRequest,200,OK,Thread Group 1-1,text,true,,188,133,1,1,http://localhost:8080/api/person/806,4,0,0
1574539238458,9,HTTP GetRequest,200,OK,Thread Group 1-1,text,true,,190,133,1,1,http://localhost:8080/api/person/807,9,0,0
1574539238769,9,HTTP GetRequest,200,OK,Thread Group 1-1,text,true,,188,133,1,1,http://localhost:8080/api/person/808,9,0,0
1574539239080,16,HTTP GetRequest,200,OK,Thread Group 1-1,text,true,,190,133,1,1,http://localhost:8080/api/person/809,15,0,4
1574539239398,5,HTTP GetRequest,200,OK,Thread Group 1-1,text,true,,189,133,1,1,http://localhost:8080/api/person/810,5,0,0
1574539239704,10,HTTP GetRequest,200,OK,Thread Group 1-1,text,true,,188,133,1,1,http://localhost:8080/api/person/811,8,0,0
1574539240015,11,HTTP GetRequest,200,OK,Thread Group 1-1,text,true,,191,133,1,1,http://localhost:8080/api/person/812,10,0,0
1574539240328,4,HTTP GetRequest,200,OK,Thread Group 1-1,text,true,,189,133,1,1,http://localhost:8080/api/person/813,4,0,0
1574539240633,3,HTTP GetRequest,200,OK,Thread Group 1-1,text,true,,191,133,1,1,http://localhost:8080/api/person/814,3,0,0
1574539240936,9,HTTP GetRequest,200,OK,Thread Group 1-1,text,true,,192,133,1,1,http://localhost:8080/api/person/815,9,0,0
1574539241246,6,HTTP GetRequest,200,OK,Thread Group 1-1,text,true,,187,133,1,1,http://localhost:8080/api/person/816,6,0,2
1574539241553,8,HTTP GetRequest,200,OK,Thread Group 1-1,text,true,,189,133,1,1,http://localhost:8080/api/person/817,7,0,0
1574539269284,7,HTTP deletePersonRequest,200,OK,Thread Group 1-1,text,true,,154,219,1,1,http://localhost:8080/api/person/720,7,0,2
1574539269592,397,HTTP deletePersonCheckRequest,500,Server Error,Thread Group 1-1,text,false,,8433,133,1,1,http://localhost:8080/api/person/553,397,0,0
1574539296712,9,HTTP UpdatePersonRequest,200,OK,Thread Group 1-1,text,true,,191,235,1,1,http://localhost:8080/api/person/800,9,0,3
1574539346171,7,HTTP deletePersonRequest,200,OK,Thread Group 1-1,text,true,,154,219,1,1,http://localhost:8080/api/person/721,7,0,2
1574539346478,423,HTTP deletePersonCheckRequest,500,Server Error,Thread Group 1-1,text,false,,8433,133,1,1,http://localhost:8080/api/person/721,423,0,0
1574539400176,13,HTTP deletePersonRequest,200,OK,Thread Group 1-1,text,true,,154,219,1,1,http://localhost:8080/api/person/722,12,0,6
1574539400490,364,HTTP deletePersonCheckRequest,500,Server Error,Thread Group 1-1,text,false,Test failed: code expected to contain /404/,8433,133,1,1,http://localhost:8080/api/person/722,363,0,0
1574539476892,10,HTTP deletePersonRequest,200,OK,Thread Group 1-1,text,true,,154,219,1,1,http://localhost:8080/api/person/723,10,0,2
1574539477203,399,HTTP deletePersonCheckRequest,500,Server Error,Thread Group 1-1,text,false,,8433,133,1,1,http://localhost:8080/api/person/723,399,0,0
1574539531771,11,HTTP deletePersonRequest,200,OK,Thread Group 1-1,text,true,,154,219,1,1,http://localhost:8080/api/person/724,9,0,2
1574539532082,376,HTTP deletePersonCheckRequest,500,Server Error,Thread Group 1-1,text,false,,8433,133,1,1,http://localhost:8080/api/person/724,376,0,0
1574539564260,13,HTTP getAllPersonsRequest,200,OK,Thread Group 1-1,text,true,,3770,130,1,1,http://localhost:8080/api/persons,13,0,5
1574539564274,218,JDBC ClearDatabseRequest,200,OK,Thread Group 1-1,text,true,,10,0,1,1,null,218,0,215
